soal,opsi_a,opsi_b,opsi_c,opsi_d,jawaban_benar
Hewan pemakan tumbuhan disebut ...,Herbivora,Karnivora,Omnivora,Insektivora,Herbivora
Gunung tertinggi di Indonesia adalah ...,Puncak Jaya,Semeru,Rinjani,Kerinci,Puncak Jaya
Bentuk bumi adalah ...,Bulat,Kotak,Segitiga,Lonjong,Bulat
Perubahan wujud dari air menjadi uap disebut ...,Penguapan,Pembekuan,Pencairan,Penyubliman,Penguapan
Planet terbesar di tata surya adalah ...,Jupiter,Saturnus,Mars,Bumi,Jupiter
Planet terbesar di tata surya adalah ...,Jupiter,Saturnus,Mars,Bumi,Jupiter
Bentuk bumi adalah ...,Bulat,Kotak,Segitiga,Lonjong,Bulat
Hewan pemakan tumbuhan disebut ...,Herbivora,Karnivora,Omnivora,Insektivora,Herbivora
Gunung tertinggi di Indonesia adalah ...,Puncak Jaya,Semeru,Rinjani,Kerinci,Puncak Jaya
Ibukota Indonesia adalah ...,Jakarta,Bandung,Surabaya,Medan,Jakarta
Perubahan wujud dari air menjadi uap disebut ...,Penguapan,Pembekuan,Pencairan,Penyubliman,Penguapan
Lambang negara Indonesia adalah ...,Garuda Pancasila,Bintang Kejora,Singa Emas,Merpati Putih,Garuda Pancasila
Gunung tertinggi di Indonesia adalah ...,Puncak Jaya,Semeru,Rinjani,Kerinci,Puncak Jaya
Gunung tertinggi di Indonesia adalah ...,Puncak Jaya,Semeru,Rinjani,Kerinci,Puncak Jaya
Lambang negara Indonesia adalah ...,Garuda Pancasila,Bintang Kejora,Singa Emas,Merpati Putih,Garuda Pancasila
Gunung tertinggi di Indonesia adalah ...,Puncak Jaya,Semeru,Rinjani,Kerinci,Puncak Jaya
Lambang negara Indonesia adalah ...,Garuda Pancasila,Bintang Kejora,Singa Emas,Merpati Putih,Garuda Pancasila
Proklamasi Kemerdekaan Indonesia dibacakan pada tahun ...,1945,1950,1940,1935,1945
Gunung tertinggi di Indonesia adalah ...,Puncak Jaya,Semeru,Rinjani,Kerinci,Puncak Jaya
Perubahan wujud dari air menjadi uap disebut ...,Penguapan,Pembekuan,Pencairan,Penyubliman,Penguapan
Lambang negara Indonesia adalah ...,Garuda Pancasila,Bintang Kejora,Singa Emas,Merpati Putih,Garuda Pancasila
Planet terbesar di tata surya adalah ...,Jupiter,Saturnus,Mars,Bumi,Jupiter
Bentuk bumi adalah ...,Bulat,Kotak,Segitiga,Lonjong,Bulat
Pahlawan nasional yang dikenal dengan julukan 'Bapak Pendidikan' adalah ...,Ki Hajar Dewantara,Soekarno,Hatta,Cut Nyak Dien,Ki Hajar Dewantara
Planet terbesar di tata surya adalah ...,Jupiter,Saturnus,Mars,Bumi,Jupiter
Gunung tertinggi di Indonesia adalah ...,Puncak Jaya,Semeru,Rinjani,Kerinci,Puncak Jaya
Perubahan wujud dari air menjadi uap disebut ...,Penguapan,Pembekuan,Pencairan,Penyubliman,Penguapan
Bentuk bumi adalah ...,Bulat,Kotak,Segitiga,Lonjong,Bulat
Planet terbesar di tata surya adalah ...,Jupiter,Saturnus,Mars,Bumi,Jupiter
Perubahan wujud dari air menjadi uap disebut ...,Penguapan,Pembekuan,Pencairan,Penyubliman,Penguapan
Gunung tertinggi di Indonesia adalah ...,Puncak Jaya,Semeru,Rinjani,Kerinci,Puncak Jaya
Pahlawan nasional yang dikenal dengan julukan 'Bapak Pendidikan' adalah ...,Ki Hajar Dewantara,Soekarno,Hatta,Cut Nyak Dien,Ki Hajar Dewantara
Bentuk bumi adalah ...,Bulat,Kotak,Segitiga,Lonjong,Bulat
Hewan pemakan tumbuhan disebut ...,Herbivora,Karnivora,Omnivora,Insektivora,Herbivora
Gunung tertinggi di Indonesia adalah ...,Puncak Jaya,Semeru,Rinjani,Kerinci,Puncak Jaya
Perubahan wujud dari air menjadi uap disebut ...,Penguapan,Pembekuan,Pencairan,Penyubliman,Penguapan
Perubahan wujud dari air menjadi uap disebut ...,Penguapan,Pembekuan,Pencairan,Penyubliman,Penguapan
Pahlawan nasional yang dikenal dengan julukan 'Bapak Pendidikan' adalah ...,Ki Hajar Dewantara,Soekarno,Hatta,Cut Nyak Dien,Ki Hajar Dewantara
Perubahan wujud dari air menjadi uap disebut ...,Penguapan,Pembekuan,Pencairan,Penyubliman,Penguapan
Planet terbesar di tata surya adalah ...,Jupiter,Saturnus,Mars,Bumi,Jupiter
Planet terbesar di tata surya adalah ...,Jupiter,Saturnus,Mars,Bumi,Jupiter
Planet terbesar di tata surya adalah ...,Jupiter,Saturnus,Mars,Bumi,Jupiter
Bentuk bumi adalah ...,Bulat,Kotak,Segitiga,Lonjong,Bulat
Proklamasi Kemerdekaan Indonesia dibacakan pada tahun ...,1945,1950,1940,1935,1945
Bentuk bumi adalah ...,Bulat,Kotak,Segitiga,Lonjong,Bulat
Perubahan wujud dari air menjadi uap disebut ...,Penguapan,Pembekuan,Pencairan,Penyubliman,Penguapan
Hewan pemakan tumbuhan disebut ...,Herbivora,Karnivora,Omnivora,Insektivora,Herbivora
Ibukota Indonesia adalah ...,Jakarta,Bandung,Surabaya,Medan,Jakarta
Proklamasi Kemerdekaan Indonesia dibacakan pada tahun ...,1945,1950,1940,1935,1945
Bentuk bumi adalah ...,Bulat,Kotak,Segitiga,Lonjong,Bulat
Hasil dari 15 + 27 adalah ...,42,40,41,39,42
Hewan pemakan tumbuhan disebut ...,Herbivora,Karnivora,Omnivora,Insektivora,Herbivora
Hasil dari 15 + 27 adalah ...,42,40,41,39,42
Proklamasi Kemerdekaan Indonesia dibacakan pada tahun ...,1945,1950,1940,1935,1945
Bentuk bumi adalah ...,Bulat,Kotak,Segitiga,Lonjong,Bulat
Perubahan wujud dari air menjadi uap disebut ...,Penguapan,Pembekuan,Pencairan,Penyubliman,Penguapan
Gunung tertinggi di Indonesia adalah ...,Puncak Jaya,Semeru,Rinjani,Kerinci,Puncak Jaya
Gunung tertinggi di Indonesia adalah ...,Puncak Jaya,Semeru,Rinjani,Kerinci,Puncak Jaya
Hasil dari 15 + 27 adalah ...,42,40,41,39,42
Hewan pemakan tumbuhan disebut ...,Herbivora,Karnivora,Omnivora,Insektivora,Herbivora
Hasil dari 15 + 27 adalah ...,42,40,41,39,42
Planet terbesar di tata surya adalah ...,Jupiter,Saturnus,Mars,Bumi,Jupiter
Hewan pemakan tumbuhan disebut ...,Herbivora,Karnivora,Omnivora,Insektivora,Herbivora
Hewan pemakan tumbuhan disebut ...,Herbivora,Karnivora,Omnivora,Insektivora,Herbivora
Planet terbesar di tata surya adalah ...,Jupiter,Saturnus,Mars,Bumi,Jupiter
Gunung tertinggi di Indonesia adalah ...,Puncak Jaya,Semeru,Rinjani,Kerinci,Puncak Jaya
Planet terbesar di tata surya adalah ...,Jupiter,Saturnus,Mars,Bumi,Jupiter
Planet terbesar di tata surya adalah ...,Jupiter,Saturnus,Mars,Bumi,Jupiter
Pahlawan nasional yang dikenal dengan julukan 'Bapak Pendidikan' adalah ...,Ki Hajar Dewantara,Soekarno,Hatta,Cut Nyak Dien,Ki Hajar Dewantara
Gunung tertinggi di Indonesia adalah ...,Puncak Jaya,Semeru,Rinjani,Kerinci,Puncak Jaya
Ibukota Indonesia adalah ...,Jakarta,Bandung,Surabaya,Medan,Jakarta
Bentuk bumi adalah ...,Bulat,Kotak,Segitiga,Lonjong,Bulat
Hewan pemakan tumbuhan disebut ...,Herbivora,Karnivora,Omnivora,Insektivora,Herbivora
Lambang negara Indonesia adalah ...,Garuda Pancasila,Bintang Kejora,Singa Emas,Merpati Putih,Garuda Pancasila
Gunung tertinggi di Indonesia adalah ...,Puncak Jaya,Semeru,Rinjani,Kerinci,Puncak Jaya
Perubahan wujud dari air menjadi uap disebut ...,Penguapan,Pembekuan,Pencairan,Penyubliman,Penguapan
Planet terbesar di tata surya adalah ...,Jupiter,Saturnus,Mars,Bumi,Jupiter
Proklamasi Kemerdekaan Indonesia dibacakan pada tahun ...,1945,1950,1940,1935,1945
Bentuk bumi adalah ...,Bulat,Kotak,Segitiga,Lonjong,Bulat
Bentuk bumi adalah ...,Bulat,Kotak,Segitiga,Lonjong,Bulat
Gunung tertinggi di Indonesia adalah ...,Puncak Jaya,Semeru,Rinjani,Kerinci,Puncak Jaya
Perubahan wujud dari air menjadi uap disebut ...,Penguapan,Pembekuan,Pencairan,Penyubliman,Penguapan
Planet terbesar di tata surya adalah ...,Jupiter,Saturnus,Mars,Bumi,Jupiter
Gunung tertinggi di Indonesia adalah ...,Puncak Jaya,Semeru,Rinjani,Kerinci,Puncak Jaya
Hewan pemakan tumbuhan disebut ...,Herbivora,Karnivora,Omnivora,Insektivora,Herbivora
Proklamasi Kemerdekaan Indonesia dibacakan pada tahun ...,1945,1950,1940,1935,1945
Hasil dari 15 + 27 adalah ...,42,40,41,39,42
Proklamasi Kemerdekaan Indonesia dibacakan pada tahun ...,1945,1950,1940,1935,1945
Hewan pemakan tumbuhan disebut ...,Herbivora,Karnivora,Omnivora,Insektivora,Herbivora
Hasil dari 15 + 27 adalah ...,42,40,41,39,42
Planet terbesar di tata surya adalah ...,Jupiter,Saturnus,Mars,Bumi,Jupiter
Hasil dari 15 + 27 adalah ...,42,40,41,39,42
Hewan pemakan tumbuhan disebut ...,Herbivora,Karnivora,Omnivora,Insektivora,Herbivora
Gunung tertinggi di Indonesia adalah ...,Puncak Jaya,Semeru,Rinjani,Kerinci,Puncak Jaya
Lambang negara Indonesia adalah ...,Garuda Pancasila,Bintang Kejora,Singa Emas,Merpati Putih,Garuda Pancasila
Gunung tertinggi di Indonesia adalah ...,Puncak Jaya,Semeru,Rinjani,Kerinci,Puncak Jaya
Hasil dari 15 + 27 adalah ...,42,40,41,39,42
Lambang negara Indonesia adalah ...,Garuda Pancasila,Bintang Kejora,Singa Emas,Merpati Putih,Garuda Pancasila
Bentuk bumi adalah ...,Bulat,Kotak,Segitiga,Lonjong,Bulat
Bentuk bumi adalah ...,Bulat,Kotak,Segitiga,Lonjong,Bulat
Bentuk bumi adalah ...,Bulat,Kotak,Segitiga,Lonjong,Bulat
Proklamasi Kemerdekaan Indonesia dibacakan pada tahun ...,1945,1950,1940,1935,1945
Perubahan wujud dari air menjadi uap disebut ...,Penguapan,Pembekuan,Pencairan,Penyubliman,Penguapan
Hewan pemakan tumbuhan disebut ...,Herbivora,Karnivora,Omnivora,Insektivora,Herbivora
Planet terbesar di tata surya adalah ...,Jupiter,Saturnus,Mars,Bumi,Jupiter
Ibukota Indonesia adalah ...,Jakarta,Bandung,Surabaya,Medan,Jakarta
Bentuk bumi adalah ...,Bulat,Kotak,Segitiga,Lonjong,Bulat
Ibukota Indonesia adalah ...,Jakarta,Bandung,Surabaya,Medan,Jakarta
Hasil dari 15 + 27 adalah ...,42,40,41,39,42
Planet terbesar di tata surya adalah ...,Jupiter,Saturnus,Mars,Bumi,Jupiter
Hasil dari 15 + 27 adalah ...,42,40,41,39,42
Bentuk bumi adalah ...,Bulat,Kotak,Segitiga,Lonjong,Bulat
Bentuk bumi adalah ...,Bulat,Kotak,Segitiga,Lonjong,Bulat
Bentuk bumi adalah ...,Bulat,Kotak,Segitiga,Lonjong,Bulat
Bentuk bumi adalah ...,Bulat,Kotak,Segitiga,Lonjong,Bulat
Ibukota Indonesia adalah ...,Jakarta,Bandung,Surabaya,Medan,Jakarta
Pahlawan nasional yang dikenal dengan julukan 'Bapak Pendidikan' adalah ...,Ki Hajar Dewantara,Soekarno,Hatta,Cut Nyak Dien,Ki Hajar Dewantara
Bentuk bumi adalah ...,Bulat,Kotak,Segitiga,Lonjong,Bulat
Proklamasi Kemerdekaan Indonesia dibacakan pada tahun ...,1945,1950,1940,1935,1945
Proklamasi Kemerdekaan Indonesia dibacakan pada tahun ...,1945,1950,1940,1935,1945
Lambang negara Indonesia adalah ...,Garuda Pancasila,Bintang Kejora,Singa Emas,Merpati Putih,Garuda Pancasila
Gunung tertinggi di Indonesia adalah ...,Puncak Jaya,Semeru,Rinjani,Kerinci,Puncak Jaya
Bentuk bumi adalah ...,Bulat,Kotak,Segitiga,Lonjong,Bulat
Perubahan wujud dari air menjadi uap disebut ...,Penguapan,Pembekuan,Pencairan,Penyubliman,Penguapan
Hewan pemakan tumbuhan disebut ...,Herbivora,Karnivora,Omnivora,Insektivora,Herbivora
Hasil dari 15 + 27 adalah ...,42,40,41,39,42
Proklamasi Kemerdekaan Indonesia dibacakan pada tahun ...,1945,1950,1940,1935,1945
Perubahan wujud dari air menjadi uap disebut ...,Penguapan,Pembekuan,Pencairan,Penyubliman,Penguapan
Perubahan wujud dari air menjadi uap disebut ...,Penguapan,Pembekuan,Pencairan,Penyubliman,Penguapan
Gunung tertinggi di Indonesia adalah ...,Puncak Jaya,Semeru,Rinjani,Kerinci,Puncak Jaya
Lambang negara Indonesia adalah ...,Garuda Pancasila,Bintang Kejora,Singa Emas,Merpati Putih,Garuda Pancasila
Gunung tertinggi di Indonesia adalah ...,Puncak Jaya,Semeru,Rinjani,Kerinci,Puncak Jaya
Ibukota Indonesia adalah ...,Jakarta,Bandung,Surabaya,Medan,Jakarta
Proklamasi Kemerdekaan Indonesia dibacakan pada tahun ...,1945,1950,1940,1935,1945
Bentuk bumi adalah ...,Bulat,Kotak,Segitiga,Lonjong,Bulat
Proklamasi Kemerdekaan Indonesia dibacakan pada tahun ...,1945,1950,1940,1935,1945
Lambang negara Indonesia adalah ...,Garuda Pancasila,Bintang Kejora,Singa Emas,Merpati Putih,Garuda Pancasila
Ibukota Indonesia adalah ...,Jakarta,Bandung,Surabaya,Medan,Jakarta
Ibukota Indonesia adalah ...,Jakarta,Bandung,Surabaya,Medan,Jakarta
Gunung tertinggi di Indonesia adalah ...,Puncak Jaya,Semeru,Rinjani,Kerinci,Puncak Jaya
Lambang negara Indonesia adalah ...,Garuda Pancasila,Bintang Kejora,Singa Emas,Merpati Putih,Garuda Pancasila
Perubahan wujud dari air menjadi uap disebut ...,Penguapan,Pembekuan,Pencairan,Penyubliman,Penguapan
Ibukota Indonesia adalah ...,Jakarta,Bandung,Surabaya,Medan,Jakarta
Ibukota Indonesia adalah ...,Jakarta,Bandung,Surabaya,Medan,Jakarta
Lambang negara Indonesia adalah ...,Garuda Pancasila,Bintang Kejora,Singa Emas,Merpati Putih,Garuda Pancasila
Bentuk bumi adalah ...,Bulat,Kotak,Segitiga,Lonjong,Bulat
Proklamasi Kemerdekaan Indonesia dibacakan pada tahun ...,1945,1950,1940,1935,1945
Ibukota Indonesia adalah ...,Jakarta,Bandung,Surabaya,Medan,Jakarta
Bentuk bumi adalah ...,Bulat,Kotak,Segitiga,Lonjong,Bulat
Ibukota Indonesia adalah ...,Jakarta,Bandung,Surabaya,Medan,Jakarta
Hasil dari 15 + 27 adalah ...,42,40,41,39,42
Planet terbesar di tata surya adalah ...,Jupiter,Saturnus,Mars,Bumi,Jupiter
Hasil dari 15 + 27 adalah ...,42,40,41,39,42
Gunung tertinggi di Indonesia adalah ...,Puncak Jaya,Semeru,Rinjani,Kerinci,Puncak Jaya
Gunung tertinggi di Indonesia adalah ...,Puncak Jaya,Semeru,Rinjani,Kerinci,Puncak Jaya
Planet terbesar di tata surya adalah ...,Jupiter,Saturnus,Mars,Bumi,Jupiter
Hewan pemakan tumbuhan disebut ...,Herbivora,Karnivora,Omnivora,Insektivora,Herbivora
Bentuk bumi adalah ...,Bulat,Kotak,Segitiga,Lonjong,Bulat
Planet terbesar di tata surya adalah ...,Jupiter,Saturnus,Mars,Bumi,Jupiter
Proklamasi Kemerdekaan Indonesia dibacakan pada tahun ...,1945,1950,1940,1935,1945
Ibukota Indonesia adalah ...,Jakarta,Bandung,Surabaya,Medan,Jakarta
Gunung tertinggi di Indonesia adalah ...,Puncak Jaya,Semeru,Rinjani,Kerinci,Puncak Jaya
Perubahan wujud dari air menjadi uap disebut ...,Penguapan,Pembekuan,Pencairan,Penyubliman,Penguapan
Planet terbesar di tata surya adalah ...,Jupiter,Saturnus,Mars,Bumi,Jupiter
Pahlawan nasional yang dikenal dengan julukan 'Bapak Pendidikan' adalah ...,Ki Hajar Dewantara,Soekarno,Hatta,Cut Nyak Dien,Ki Hajar Dewantara
Gunung tertinggi di Indonesia adalah ...,Puncak Jaya,Semeru,Rinjani,Kerinci,Puncak Jaya
Perubahan wujud dari air menjadi uap disebut ...,Penguapan,Pembekuan,Pencairan,Penyubliman,Penguapan
Proklamasi Kemerdekaan Indonesia dibacakan pada tahun ...,1945,1950,1940,1935,1945
Lambang negara Indonesia adalah ...,Garuda Pancasila,Bintang Kejora,Singa Emas,Merpati Putih,Garuda Pancasila
Hewan pemakan tumbuhan disebut ...,Herbivora,Karnivora,Omnivora,Insektivora,Herbivora
Perubahan wujud dari air menjadi uap disebut ...,Penguapan,Pembekuan,Pencairan,Penyubliman,Penguapan
Perubahan wujud dari air menjadi uap disebut ...,Penguapan,Pembekuan,Pencairan,Penyubliman,Penguapan
Hewan pemakan tumbuhan disebut ...,Herbivora,Karnivora,Omnivora,Insektivora,Herbivora
Gunung tertinggi di Indonesia adalah ...,Puncak Jaya,Semeru,Rinjani,Kerinci,Puncak Jaya
Bentuk bumi adalah ...,Bulat,Kotak,Segitiga,Lonjong,Bulat
Proklamasi Kemerdekaan Indonesia dibacakan pada tahun ...,1945,1950,1940,1935,1945
Ibukota Indonesia adalah ...,Jakarta,Bandung,Surabaya,Medan,Jakarta
Planet terbesar di tata surya adalah ...,Jupiter,Saturnus,Mars,Bumi,Jupiter
Perubahan wujud dari air menjadi uap disebut ...,Penguapan,Pembekuan,Pencairan,Penyubliman,Penguapan
Bentuk bumi adalah ...,Bulat,Kotak,Segitiga,Lonjong,Bulat
Perubahan wujud dari air menjadi uap disebut ...,Penguapan,Pembekuan,Pencairan,Penyubliman,Penguapan
Perubahan wujud dari air menjadi uap disebut ...,Penguapan,Pembekuan,Pencairan,Penyubliman,Penguapan
Lambang negara Indonesia adalah ...,Garuda Pancasila,Bintang Kejora,Singa Emas,Merpati Putih,Garuda Pancasila
Planet terbesar di tata surya adalah ...,Jupiter,Saturnus,Mars,Bumi,Jupiter
Planet terbesar di tata surya adalah ...,Jupiter,Saturnus,Mars,Bumi,Jupiter
Gunung tertinggi di Indonesia adalah ...,Puncak Jaya,Semeru,Rinjani,Kerinci,Puncak Jaya
Perubahan wujud dari air menjadi uap disebut ...,Penguapan,Pembekuan,Pencairan,Penyubliman,Penguapan
Hasil dari 15 + 27 adalah ...,42,40,41,39,42
Lambang negara Indonesia adalah ...,Garuda Pancasila,Bintang Kejora,Singa Emas,Merpati Putih,Garuda Pancasila
Hasil dari 15 + 27 adalah ...,42,40,41,39,42
Hewan pemakan tumbuhan disebut ...,Herbivora,Karnivora,Omnivora,Insektivora,Herbivora
Proklamasi Kemerdekaan Indonesia dibacakan pada tahun ...,1945,1950,1940,1935,1945
Hasil dari 15 + 27 adalah ...,42,40,41,39,42
Proklamasi Kemerdekaan Indonesia dibacakan pada tahun ...,1945,1950,1940,1935,1945
Gunung tertinggi di Indonesia adalah ...,Puncak Jaya,Semeru,Rinjani,Kerinci,Puncak Jaya
Ibukota Indonesia adalah ...,Jakarta,Bandung,Surabaya,Medan,Jakarta
Pahlawan nasional yang dikenal dengan julukan 'Bapak Pendidikan' adalah ...,Ki Hajar Dewantara,Soekarno,Hatta,Cut Nyak Dien,Ki Hajar Dewantara
Bentuk bumi adalah ...,Bulat,Kotak,Segitiga,Lonjong,Bulat
Planet terbesar di tata surya adalah ...,Jupiter,Saturnus,Mars,Bumi,Jupiter
Planet terbesar di tata surya adalah ...,Jupiter,Saturnus,Mars,Bumi,Jupiter
Hewan pemakan tumbuhan disebut ...,Herbivora,Karnivora,Omnivora,Insektivora,Herbivora
Hewan pemakan tumbuhan disebut ...,Herbivora,Karnivora,Omnivora,Insektivora,Herbivora
Planet terbesar di tata surya adalah ...,Jupiter,Saturnus,Mars,Bumi,Jupiter
Bentuk bumi adalah ...,Bulat,Kotak,Segitiga,Lonjong,Bulat
Proklamasi Kemerdekaan Indonesia dibacakan pada tahun ...,1945,1950,1940,1935,1945
Gunung tertinggi di Indonesia adalah ...,Puncak Jaya,Semeru,Rinjani,Kerinci,Puncak Jaya
Hasil dari 15 + 27 adalah ...,42,40,41,39,42
Planet terbesar di tata surya adalah ...,Jupiter,Saturnus,Mars,Bumi,Jupiter
Pahlawan nasional yang dikenal dengan julukan 'Bapak Pendidikan' adalah ...,Ki Hajar Dewantara,Soekarno,Hatta,Cut Nyak Dien,Ki Hajar Dewantara
Lambang negara Indonesia adalah ...,Garuda Pancasila,Bintang Kejora,Singa Emas,Merpati Putih,Garuda Pancasila
Bentuk bumi adalah ...,Bulat,Kotak,Segitiga,Lonjong,Bulat
Planet terbesar di tata surya adalah ...,Jupiter,Saturnus,Mars,Bumi,Jupiter
Proklamasi Kemerdekaan Indonesia dibacakan pada tahun ...,1945,1950,1940,1935,1945
Gunung tertinggi di Indonesia adalah ...,Puncak Jaya,Semeru,Rinjani,Kerinci,Puncak Jaya
Perubahan wujud dari air menjadi uap disebut ...,Penguapan,Pembekuan,Pencairan,Penyubliman,Penguapan
Planet terbesar di tata surya adalah ...,Jupiter,Saturnus,Mars,Bumi,Jupiter
Hasil dari 15 + 27 adalah ...,42,40,41,39,42
Hewan pemakan tumbuhan disebut ...,Herbivora,Karnivora,Omnivora,Insektivora,Herbivora
Hewan pemakan tumbuhan disebut ...,Herbivora,Karnivora,Omnivora,Insektivora,Herbivora
Ibukota Indonesia adalah ...,Jakarta,Bandung,Surabaya,Medan,Jakarta
Hasil dari 15 + 27 adalah ...,42,40,41,39,42
Lambang negara Indonesia adalah ...,Garuda Pancasila,Bintang Kejora,Singa Emas,Merpati Putih,Garuda Pancasila
Hasil dari 15 + 27 adalah ...,42,40,41,39,42
Gunung tertinggi di Indonesia adalah ...,Puncak Jaya,Semeru,Rinjani,Kerinci,Puncak Jaya
Hasil dari 15 + 27 adalah ...,42,40,41,39,42
Hewan pemakan tumbuhan disebut ...,Herbivora,Karnivora,Omnivora,Insektivora,Herbivora
Lambang negara Indonesia adalah ...,Garuda Pancasila,Bintang Kejora,Singa Emas,Merpati Putih,Garuda Pancasila
Planet terbesar di tata surya adalah ...,Jupiter,Saturnus,Mars,Bumi,Jupiter
Proklamasi Kemerdekaan Indonesia dibacakan pada tahun ...,1945,1950,1940,1935,1945
Lambang negara Indonesia adalah ...,Garuda Pancasila,Bintang Kejora,Singa Emas,Merpati Putih,Garuda Pancasila
Pahlawan nasional yang dikenal dengan julukan 'Bapak Pendidikan' adalah ...,Ki Hajar Dewantara,Soekarno,Hatta,Cut Nyak Dien,Ki Hajar Dewantara
Hewan pemakan tumbuhan disebut ...,Herbivora,Karnivora,Omnivora,Insektivora,Herbivora
Lambang negara Indonesia adalah ...,Garuda Pancasila,Bintang Kejora,Singa Emas,Merpati Putih,Garuda Pancasila
Planet terbesar di tata surya adalah ...,Jupiter,Saturnus,Mars,Bumi,Jupiter
Ibukota Indonesia adalah ...,Jakarta,Bandung,Surabaya,Medan,Jakarta
Planet terbesar di tata surya adalah ...,Jupiter,Saturnus,Mars,Bumi,Jupiter
Lambang negara Indonesia adalah ...,Garuda Pancasila,Bintang Kejora,Singa Emas,Merpati Putih,Garuda Pancasila
Pahlawan nasional yang dikenal dengan julukan 'Bapak Pendidikan' adalah ...,Ki Hajar Dewantara,Soekarno,Hatta,Cut Nyak Dien,Ki Hajar Dewantara
Ibukota Indonesia adalah ...,Jakarta,Bandung,Surabaya,Medan,Jakarta
Bentuk bumi adalah ...,Bulat,Kotak,Segitiga,Lonjong,Bulat
Lambang negara Indonesia adalah ...,Garuda Pancasila,Bintang Kejora,Singa Emas,Merpati Putih,Garuda Pancasila
Perubahan wujud dari air menjadi uap disebut ...,Penguapan,Pembekuan,Pencairan,Penyubliman,Penguapan
Perubahan wujud dari air menjadi uap disebut ...,Penguapan,Pembekuan,Pencairan,Penyubliman,Penguapan
Gunung tertinggi di Indonesia adalah ...,Puncak Jaya,Semeru,Rinjani,Kerinci,Puncak Jaya
Hewan pemakan tumbuhan disebut ...,Herbivora,Karnivora,Omnivora,Insektivora,Herbivora
Ibukota Indonesia adalah ...,Jakarta,Bandung,Surabaya,Medan,Jakarta
Gunung tertinggi di Indonesia adalah ...,Puncak Jaya,Semeru,Rinjani,Kerinci,Puncak Jaya
Lambang negara Indonesia adalah ...,Garuda Pancasila,Bintang Kejora,Singa Emas,Merpati Putih,Garuda Pancasila
Hasil dari 15 + 27 adalah ...,42,40,41,39,42
Bentuk bumi adalah ...,Bulat,Kotak,Segitiga,Lonjong,Bulat
Ibukota Indonesia adalah ...,Jakarta,Bandung,Surabaya,Medan,Jakarta
Bentuk bumi adalah ...,Bulat,Kotak,Segitiga,Lonjong,Bulat
Hewan pemakan tumbuhan disebut ...,Herbivora,Karnivora,Omnivora,Insektivora,Herbivora
Pahlawan nasional yang dikenal dengan julukan 'Bapak Pendidikan' adalah ...,Ki Hajar Dewantara,Soekarno,Hatta,Cut Nyak Dien,Ki Hajar Dewantara
Hewan pemakan tumbuhan disebut ...,Herbivora,Karnivora,Omnivora,Insektivora,Herbivora
Proklamasi Kemerdekaan Indonesia dibacakan pada tahun ...,1945,1950,1940,1935,1945
Lambang negara Indonesia adalah ...,Garuda Pancasila,Bintang Kejora,Singa Emas,Merpati Putih,Garuda Pancasila
Pahlawan nasional yang dikenal dengan julukan 'Bapak Pendidikan' adalah ...,Ki Hajar Dewantara,Soekarno,Hatta,Cut Nyak Dien,Ki Hajar Dewantara
Proklamasi Kemerdekaan Indonesia dibacakan pada tahun ...,1945,1950,1940,1935,1945
Pahlawan nasional yang dikenal dengan julukan 'Bapak Pendidikan' adalah ...,Ki Hajar Dewantara,Soekarno,Hatta,Cut Nyak Dien,Ki Hajar Dewantara
Planet terbesar di tata surya adalah ...,Jupiter,Saturnus,Mars,Bumi,Jupiter
Lambang negara Indonesia adalah ...,Garuda Pancasila,Bintang Kejora,Singa Emas,Merpati Putih,Garuda Pancasila
Hasil dari 15 + 27 adalah ...,42,40,41,39,42
Bentuk bumi adalah ...,Bulat,Kotak,Segitiga,Lonjong,Bulat
Planet terbesar di tata surya adalah ...,Jupiter,Saturnus,Mars,Bumi,Jupiter
Planet terbesar di tata surya adalah ...,Jupiter,Saturnus,Mars,Bumi,Jupiter
Pahlawan nasional yang dikenal dengan julukan 'Bapak Pendidikan' adalah ...,Ki Hajar Dewantara,Soekarno,Hatta,Cut Nyak Dien,Ki Hajar Dewantara
Hewan pemakan tumbuhan disebut ...,Herbivora,Karnivora,Omnivora,Insektivora,Herbivora
Hewan pemakan tumbuhan disebut ...,Herbivora,Karnivora,Omnivora,Insektivora,Herbivora
Proklamasi Kemerdekaan Indonesia dibacakan pada tahun ...,1945,1950,1940,1935,1945
Proklamasi Kemerdekaan Indonesia dibacakan pada tahun ...,1945,1950,1940,1935,1945
Hewan pemakan tumbuhan disebut ...,Herbivora,Karnivora,Omnivora,Insektivora,Herbivora
Perubahan wujud dari air menjadi uap disebut ...,Penguapan,Pembekuan,Pencairan,Penyubliman,Penguapan
Hasil dari 15 + 27 adalah ...,42,40,41,39,42
Gunung tertinggi di Indonesia adalah ...,Puncak Jaya,Semeru,Rinjani,Kerinci,Puncak Jaya
Bentuk bumi adalah ...,Bulat,Kotak,Segitiga,Lonjong,Bulat
Hewan pemakan tumbuhan disebut ...,Herbivora,Karnivora,Omnivora,Insektivora,Herbivora
Proklamasi Kemerdekaan Indonesia dibacakan pada tahun ...,1945,1950,1940,1935,1945
Hasil dari 15 + 27 adalah ...,42,40,41,39,42
Pahlawan nasional yang dikenal dengan julukan 'Bapak Pendidikan' adalah ...,Ki Hajar Dewantara,Soekarno,Hatta,Cut Nyak Dien,Ki Hajar Dewantara
Lambang negara Indonesia adalah ...,Garuda Pancasila,Bintang Kejora,Singa Emas,Merpati Putih,Garuda Pancasila
Hasil dari 15 + 27 adalah ...,42,40,41,39,42
Pahlawan nasional yang dikenal dengan julukan 'Bapak Pendidikan' adalah ...,Ki Hajar Dewantara,Soekarno,Hatta,Cut Nyak Dien,Ki Hajar Dewantara
Pahlawan nasional yang dikenal dengan julukan 'Bapak Pendidikan' adalah ...,Ki Hajar Dewantara,Soekarno,Hatta,Cut Nyak Dien,Ki Hajar Dewantara
Perubahan wujud dari air menjadi uap disebut ...,Penguapan,Pembekuan,Pencairan,Penyubliman,Penguapan
Hasil dari 15 + 27 adalah ...,42,40,41,39,42
Perubahan wujud dari air menjadi uap disebut ...,Penguapan,Pembekuan,Pencairan,Penyubliman,Penguapan
Lambang negara Indonesia adalah ...,Garuda Pancasila,Bintang Kejora,Singa Emas,Merpati Putih,Garuda Pancasila
Lambang negara Indonesia adalah ...,Garuda Pancasila,Bintang Kejora,Singa Emas,Merpati Putih,Garuda Pancasila
Ibukota Indonesia adalah ...,Jakarta,Bandung,Surabaya,Medan,Jakarta
Pahlawan nasional yang dikenal dengan julukan 'Bapak Pendidikan' adalah ...,Ki Hajar Dewantara,Soekarno,Hatta,Cut Nyak Dien,Ki Hajar Dewantara
Perubahan wujud dari air menjadi uap disebut ...,Penguapan,Pembekuan,Pencairan,Penyubliman,Penguapan
Hasil dari 15 + 27 adalah ...,42,40,41,39,42
Pahlawan nasional yang dikenal dengan julukan 'Bapak Pendidikan' adalah ...,Ki Hajar Dewantara,Soekarno,Hatta,Cut Nyak Dien,Ki Hajar Dewantara
Ibukota Indonesia adalah ...,Jakarta,Bandung,Surabaya,Medan,Jakarta
Hasil dari 15 + 27 adalah ...,42,40,41,39,42
Proklamasi Kemerdekaan Indonesia dibacakan pada tahun ...,1945,1950,1940,1935,1945
Hasil dari 15 + 27 adalah ...,42,40,41,39,42
Pahlawan nasional yang dikenal dengan julukan 'Bapak Pendidikan' adalah ...,Ki Hajar Dewantara,Soekarno,Hatta,Cut Nyak Dien,Ki Hajar Dewantara
Hasil dari 15 + 27 adalah ...,42,40,41,39,42
Ibukota Indonesia adalah ...,Jakarta,Bandung,Surabaya,Medan,Jakarta
Hasil dari 15 + 27 adalah ...,42,40,41,39,42
Pahlawan nasional yang dikenal dengan julukan 'Bapak Pendidikan' adalah ...,Ki Hajar Dewantara,Soekarno,Hatta,Cut Nyak Dien,Ki Hajar Dewantara
Proklamasi Kemerdekaan Indonesia dibacakan pada tahun ...,1945,1950,1940,1935,1945
Bentuk bumi adalah ...,Bulat,Kotak,Segitiga,Lonjong,Bulat
Proklamasi Kemerdekaan Indonesia dibacakan pada tahun ...,1945,1950,1940,1935,1945
Hewan pemakan tumbuhan disebut ...,Herbivora,Karnivora,Omnivora,Insektivora,Herbivora
Planet terbesar di tata surya adalah ...,Jupiter,Saturnus,Mars,Bumi,Jupiter
Ibukota Indonesia adalah ...,Jakarta,Bandung,Surabaya,Medan,Jakarta
Bentuk bumi adalah ...,Bulat,Kotak,Segitiga,Lonjong,Bulat
Gunung tertinggi di Indonesia adalah ...,Puncak Jaya,Semeru,Rinjani,Kerinci,Puncak Jaya
Gunung tertinggi di Indonesia adalah ...,Puncak Jaya,Semeru,Rinjani,Kerinci,Puncak Jaya
Ibukota Indonesia adalah ...,Jakarta,Bandung,Surabaya,Medan,Jakarta
Proklamasi Kemerdekaan Indonesia dibacakan pada tahun ...,1945,1950,1940,1935,1945
Gunung tertinggi di Indonesia adalah ...,Puncak Jaya,Semeru,Rinjani,Kerinci,Puncak Jaya
Planet terbesar di tata surya adalah ...,Jupiter,Saturnus,Mars,Bumi,Jupiter
Bentuk bumi adalah ...,Bulat,Kotak,Segitiga,Lonjong,Bulat
Planet terbesar di tata surya adalah ...,Jupiter,Saturnus,Mars,Bumi,Jupiter
Hewan pemakan tumbuhan disebut ...,Herbivora,Karnivora,Omnivora,Insektivora,Herbivora
Pahlawan nasional yang dikenal dengan julukan 'Bapak Pendidikan' adalah ...,Ki Hajar Dewantara,Soekarno,Hatta,Cut Nyak Dien,Ki Hajar Dewantara
Ibukota Indonesia adalah ...,Jakarta,Bandung,Surabaya,Medan,Jakarta
Ibukota Indonesia adalah ...,Jakarta,Bandung,Surabaya,Medan,Jakarta
Hewan pemakan tumbuhan disebut ...,Herbivora,Karnivora,Omnivora,Insektivora,Herbivora
Hewan pemakan tumbuhan disebut ...,Herbivora,Karnivora,Omnivora,Insektivora,Herbivora
Hasil dari 15 + 27 adalah ...,42,40,41,39,42
Planet terbesar di tata surya adalah ...,Jupiter,Saturnus,Mars,Bumi,Jupiter
Planet terbesar di tata surya adalah ...,Jupiter,Saturnus,Mars,Bumi,Jupiter
Ibukota Indonesia adalah ...,Jakarta,Bandung,Surabaya,Medan,Jakarta
Hasil dari 15 + 27 adalah ...,42,40,41,39,42
Proklamasi Kemerdekaan Indonesia dibacakan pada tahun ...,1945,1950,1940,1935,1945
Hewan pemakan tumbuhan disebut ...,Herbivora,Karnivora,Omnivora,Insektivora,Herbivora
Hewan pemakan tumbuhan disebut ...,Herbivora,Karnivora,Omnivora,Insektivora,Herbivora
Proklamasi Kemerdekaan Indonesia dibacakan pada tahun ...,1945,1950,1940,1935,1945
Proklamasi Kemerdekaan Indonesia dibacakan pada tahun ...,1945,1950,1940,1935,1945
Pahlawan nasional yang dikenal dengan julukan 'Bapak Pendidikan' adalah ...,Ki Hajar Dewantara,Soekarno,Hatta,Cut Nyak Dien,Ki Hajar Dewantara
Hewan pemakan tumbuhan disebut ...,Herbivora,Karnivora,Omnivora,Insektivora,Herbivora
Proklamasi Kemerdekaan Indonesia dibacakan pada tahun ...,1945,1950,1940,1935,1945
Ibukota Indonesia adalah ...,Jakarta,Bandung,Surabaya,Medan,Jakarta
Hewan pemakan tumbuhan disebut ...,Herbivora,Karnivora,Omnivora,Insektivora,Herbivora
Pahlawan nasional yang dikenal dengan julukan 'Bapak Pendidikan' adalah ...,Ki Hajar Dewantara,Soekarno,Hatta,Cut Nyak Dien,Ki Hajar Dewantara
Lambang negara Indonesia adalah ...,Garuda Pancasila,Bintang Kejora,Singa Emas,Merpati Putih,Garuda Pancasila
Hasil dari 15 + 27 adalah ...,42,40,41,39,42
Perubahan wujud dari air menjadi uap disebut ...,Penguapan,Pembekuan,Pencairan,Penyubliman,Penguapan
Perubahan wujud dari air menjadi uap disebut ...,Penguapan,Pembekuan,Pencairan,Penyubliman,Penguapan
Proklamasi Kemerdekaan Indonesia dibacakan pada tahun ...,1945,1950,1940,1935,1945
Lambang negara Indonesia adalah ...,Garuda Pancasila,Bintang Kejora,Singa Emas,Merpati Putih,Garuda Pancasila
Pahlawan nasional yang dikenal dengan julukan 'Bapak Pendidikan' adalah ...,Ki Hajar Dewantara,Soekarno,Hatta,Cut Nyak Dien,Ki Hajar Dewantara
Pahlawan nasional yang dikenal dengan julukan 'Bapak Pendidikan' adalah ...,Ki Hajar Dewantara,Soekarno,Hatta,Cut Nyak Dien,Ki Hajar Dewantara
Bentuk bumi adalah ...,Bulat,Kotak,Segitiga,Lonjong,Bulat
Hasil dari 15 + 27 adalah ...,42,40,41,39,42
Pahlawan nasional yang dikenal dengan julukan 'Bapak Pendidikan' adalah ...,Ki Hajar Dewantara,Soekarno,Hatta,Cut Nyak Dien,Ki Hajar Dewantara
Gunung tertinggi di Indonesia adalah ...,Puncak Jaya,Semeru,Rinjani,Kerinci,Puncak Jaya
Bentuk bumi adalah ...,Bulat,Kotak,Segitiga,Lonjong,Bulat
Proklamasi Kemerdekaan Indonesia dibacakan pada tahun ...,1945,1950,1940,1935,1945
Ibukota Indonesia adalah ...,Jakarta,Bandung,Surabaya,Medan,Jakarta
Perubahan wujud dari air menjadi uap disebut ...,Penguapan,Pembekuan,Pencairan,Penyubliman,Penguapan
Pahlawan nasional yang dikenal dengan julukan 'Bapak Pendidikan' adalah ...,Ki Hajar Dewantara,Soekarno,Hatta,Cut Nyak Dien,Ki Hajar Dewantara
Gunung tertinggi di Indonesia adalah ...,Puncak Jaya,Semeru,Rinjani,Kerinci,Puncak Jaya
Perubahan wujud dari air menjadi uap disebut ...,Penguapan,Pembekuan,Pencairan,Penyubliman,Penguapan
Hasil dari 15 + 27 adalah ...,42,40,41,39,42
Hewan pemakan tumbuhan disebut ...,Herbivora,Karnivora,Omnivora,Insektivora,Herbivora
Lambang negara Indonesia adalah ...,Garuda Pancasila,Bintang Kejora,Singa Emas,Merpati Putih,Garuda Pancasila
Lambang negara Indonesia adalah ...,Garuda Pancasila,Bintang Kejora,Singa Emas,Merpati Putih,Garuda Pancasila
Proklamasi Kemerdekaan Indonesia dibacakan pada tahun ...,1945,1950,1940,1935,1945
Ibukota Indonesia adalah ...,Jakarta,Bandung,Surabaya,Medan,Jakarta
Bentuk bumi adalah ...,Bulat,Kotak,Segitiga,Lonjong,Bulat
Pahlawan nasional yang dikenal dengan julukan 'Bapak Pendidikan' adalah ...,Ki Hajar Dewantara,Soekarno,Hatta,Cut Nyak Dien,Ki Hajar Dewantara
Hasil dari 15 + 27 adalah ...,42,40,41,39,42
Bentuk bumi adalah ...,Bulat,Kotak,Segitiga,Lonjong,Bulat
Ibukota Indonesia adalah ...,Jakarta,Bandung,Surabaya,Medan,Jakarta
Perubahan wujud dari air menjadi uap disebut ...,Penguapan,Pembekuan,Pencairan,Penyubliman,Penguapan
Ibukota Indonesia adalah ...,Jakarta,Bandung,Surabaya,Medan,Jakarta
Lambang negara Indonesia adalah ...,Garuda Pancasila,Bintang Kejora,Singa Emas,Merpati Putih,Garuda Pancasila
Ibukota Indonesia adalah ...,Jakarta,Bandung,Surabaya,Medan,Jakarta
Hewan pemakan tumbuhan disebut ...,Herbivora,Karnivora,Omnivora,Insektivora,Herbivora
Proklamasi Kemerdekaan Indonesia dibacakan pada tahun ...,1945,1950,1940,1935,1945
Hasil dari 15 + 27 adalah ...,42,40,41,39,42
Perubahan wujud dari air menjadi uap disebut ...,Penguapan,Pembekuan,Pencairan,Penyubliman,Penguapan
Planet terbesar di tata surya adalah ...,Jupiter,Saturnus,Mars,Bumi,Jupiter
Hasil dari 15 + 27 adalah ...,42,40,41,39,42
Perubahan wujud dari air menjadi uap disebut ...,Penguapan,Pembekuan,Pencairan,Penyubliman,Penguapan
Proklamasi Kemerdekaan Indonesia dibacakan pada tahun ...,1945,1950,1940,1935,1945
Bentuk bumi adalah ...,Bulat,Kotak,Segitiga,Lonjong,Bulat
Pahlawan nasional yang dikenal dengan julukan 'Bapak Pendidikan' adalah ...,Ki Hajar Dewantara,Soekarno,Hatta,Cut Nyak Dien,Ki Hajar Dewantara
Lambang negara Indonesia adalah ...,Garuda Pancasila,Bintang Kejora,Singa Emas,Merpati Putih,Garuda Pancasila
Planet terbesar di tata surya adalah ...,Jupiter,Saturnus,Mars,Bumi,Jupiter
Planet terbesar di tata surya adalah ...,Jupiter,Saturnus,Mars,Bumi,Jupiter
Gunung tertinggi di Indonesia adalah ...,Puncak Jaya,Semeru,Rinjani,Kerinci,Puncak Jaya
Hewan pemakan tumbuhan disebut ...,Herbivora,Karnivora,Omnivora,Insektivora,Herbivora
Hewan pemakan tumbuhan disebut ...,Herbivora,Karnivora,Omnivora,Insektivora,Herbivora
Hasil dari 15 + 27 adalah ...,42,40,41,39,42
Planet terbesar di tata surya adalah ...,Jupiter,Saturnus,Mars,Bumi,Jupiter
Proklamasi Kemerdekaan Indonesia dibacakan pada tahun ...,1945,1950,1940,1935,1945
Ibukota Indonesia adalah ...,Jakarta,Bandung,Surabaya,Medan,Jakarta
Hewan pemakan tumbuhan disebut ...,Herbivora,Karnivora,Omnivora,Insektivora,Herbivora
Gunung tertinggi di Indonesia adalah ...,Puncak Jaya,Semeru,Rinjani,Kerinci,Puncak Jaya
Lambang negara Indonesia adalah ...,Garuda Pancasila,Bintang Kejora,Singa Emas,Merpati Putih,Garuda Pancasila
Proklamasi Kemerdekaan Indonesia dibacakan pada tahun ...,1945,1950,1940,1935,1945
Proklamasi Kemerdekaan Indonesia dibacakan pada tahun ...,1945,1950,1940,1935,1945
Ibukota Indonesia adalah ...,Jakarta,Bandung,Surabaya,Medan,Jakarta
Ibukota Indonesia adalah ...,Jakarta,Bandung,Surabaya,Medan,Jakarta
Lambang negara Indonesia adalah ...,Garuda Pancasila,Bintang Kejora,Singa Emas,Merpati Putih,Garuda Pancasila
Pahlawan nasional yang dikenal dengan julukan 'Bapak Pendidikan' adalah ...,Ki Hajar Dewantara,Soekarno,Hatta,Cut Nyak Dien,Ki Hajar Dewantara
Lambang negara Indonesia adalah ...,Garuda Pancasila,Bintang Kejora,Singa Emas,Merpati Putih,Garuda Pancasila
Hasil dari 15 + 27 adalah ...,42,40,41,39,42
Proklamasi Kemerdekaan Indonesia dibacakan pada tahun ...,1945,1950,1940,1935,1945
Bentuk bumi adalah ...,Bulat,Kotak,Segitiga,Lonjong,Bulat
Hasil dari 15 + 27 adalah ...,42,40,41,39,42
Bentuk bumi adalah ...,Bulat,Kotak,Segitiga,Lonjong,Bulat
Gunung tertinggi di Indonesia adalah ...,Puncak Jaya,Semeru,Rinjani,Kerinci,Puncak Jaya
Bentuk bumi adalah ...,Bulat,Kotak,Segitiga,Lonjong,Bulat
Perubahan wujud dari air menjadi uap disebut ...,Penguapan,Pembekuan,Pencairan,Penyubliman,Penguapan
Bentuk bumi adalah ...,Bulat,Kotak,Segitiga,Lonjong,Bulat
Perubahan wujud dari air menjadi uap disebut ...,Penguapan,Pembekuan,Pencairan,Penyubliman,Penguapan
Planet terbesar di tata surya adalah ...,Jupiter,Saturnus,Mars,Bumi,Jupiter
Hasil dari 15 + 27 adalah ...,42,40,41,39,42
Proklamasi Kemerdekaan Indonesia dibacakan pada tahun ...,1945,1950,1940,1935,1945
Pahlawan nasional yang dikenal dengan julukan 'Bapak Pendidikan' adalah ...,Ki Hajar Dewantara,Soekarno,Hatta,Cut Nyak Dien,Ki Hajar Dewantara
Planet terbesar di tata surya adalah ...,Jupiter,Saturnus,Mars,Bumi,Jupiter
Hasil dari 15 + 27 adalah ...,42,40,41,39,42
Gunung tertinggi di Indonesia adalah ...,Puncak Jaya,Semeru,Rinjani,Kerinci,Puncak Jaya
Hewan pemakan tumbuhan disebut ...,Herbivora,Karnivora,Omnivora,Insektivora,Herbivora
Gunung tertinggi di Indonesia adalah ...,Puncak Jaya,Semeru,Rinjani,Kerinci,Puncak Jaya
Proklamasi Kemerdekaan Indonesia dibacakan pada tahun ...,1945,1950,1940,1935,1945
Gunung tertinggi di Indonesia adalah ...,Puncak Jaya,Semeru,Rinjani,Kerinci,Puncak Jaya
Pahlawan nasional yang dikenal dengan julukan 'Bapak Pendidikan' adalah ...,Ki Hajar Dewantara,Soekarno,Hatta,Cut Nyak Dien,Ki Hajar Dewantara
Pahlawan nasional yang dikenal dengan julukan 'Bapak Pendidikan' adalah ...,Ki Hajar Dewantara,Soekarno,Hatta,Cut Nyak Dien,Ki Hajar Dewantara
Planet terbesar di tata surya adalah ...,Jupiter,Saturnus,Mars,Bumi,Jupiter
Ibukota Indonesia adalah ...,Jakarta,Bandung,Surabaya,Medan,Jakarta
Pahlawan nasional yang dikenal dengan julukan 'Bapak Pendidikan' adalah ...,Ki Hajar Dewantara,Soekarno,Hatta,Cut Nyak Dien,Ki Hajar Dewantara
Gunung tertinggi di Indonesia adalah ...,Puncak Jaya,Semeru,Rinjani,Kerinci,Puncak Jaya
Lambang negara Indonesia adalah ...,Garuda Pancasila,Bintang Kejora,Singa Emas,Merpati Putih,Garuda Pancasila
Ibukota Indonesia adalah ...,Jakarta,Bandung,Surabaya,Medan,Jakarta
Hasil dari 15 + 27 adalah ...,42,40,41,39,42
Bentuk bumi adalah ...,Bulat,Kotak,Segitiga,Lonjong,Bulat
Bentuk bumi adalah ...,Bulat,Kotak,Segitiga,Lonjong,Bulat
Hewan pemakan tumbuhan disebut ...,Herbivora,Karnivora,Omnivora,Insektivora,Herbivora
Planet terbesar di tata surya adalah ...,Jupiter,Saturnus,Mars,Bumi,Jupiter
Lambang negara Indonesia adalah ...,Garuda Pancasila,Bintang Kejora,Singa Emas,Merpati Putih,Garuda Pancasila
Planet terbesar di tata surya adalah ...,Jupiter,Saturnus,Mars,Bumi,Jupiter
Pahlawan nasional yang dikenal dengan julukan 'Bapak Pendidikan' adalah ...,Ki Hajar Dewantara,Soekarno,Hatta,Cut Nyak Dien,Ki Hajar Dewantara
Gunung tertinggi di Indonesia adalah ...,Puncak Jaya,Semeru,Rinjani,Kerinci,Puncak Jaya
Pahlawan nasional yang dikenal dengan julukan 'Bapak Pendidikan' adalah ...,Ki Hajar Dewantara,Soekarno,Hatta,Cut Nyak Dien,Ki Hajar Dewantara
Hasil dari 15 + 27 adalah ...,42,40,41,39,42
Hewan pemakan tumbuhan disebut ...,Herbivora,Karnivora,Omnivora,Insektivora,Herbivora
Gunung tertinggi di Indonesia adalah ...,Puncak Jaya,Semeru,Rinjani,Kerinci,Puncak Jaya
Lambang negara Indonesia adalah ...,Garuda Pancasila,Bintang Kejora,Singa Emas,Merpati Putih,Garuda Pancasila
Planet terbesar di tata surya adalah ...,Jupiter,Saturnus,Mars,Bumi,Jupiter
Ibukota Indonesia adalah ...,Jakarta,Bandung,Surabaya,Medan,Jakarta
Proklamasi Kemerdekaan Indonesia dibacakan pada tahun ...,1945,1950,1940,1935,1945
Lambang negara Indonesia adalah ...,Garuda Pancasila,Bintang Kejora,Singa Emas,Merpati Putih,Garuda Pancasila
Bentuk bumi adalah ...,Bulat,Kotak,Segitiga,Lonjong,Bulat
Gunung tertinggi di Indonesia adalah ...,Puncak Jaya,Semeru,Rinjani,Kerinci,Puncak Jaya
Lambang negara Indonesia adalah ...,Garuda Pancasila,Bintang Kejora,Singa Emas,Merpati Putih,Garuda Pancasila
Hewan pemakan tumbuhan disebut ...,Herbivora,Karnivora,Omnivora,Insektivora,Herbivora
Planet terbesar di tata surya adalah ...,Jupiter,Saturnus,Mars,Bumi,Jupiter
Bentuk bumi adalah ...,Bulat,Kotak,Segitiga,Lonjong,Bulat
Hewan pemakan tumbuhan disebut ...,Herbivora,Karnivora,Omnivora,Insektivora,Herbivora
Hewan pemakan tumbuhan disebut ...,Herbivora,Karnivora,Omnivora,Insektivora,Herbivora
Planet terbesar di tata surya adalah ...,Jupiter,Saturnus,Mars,Bumi,Jupiter
Gunung tertinggi di Indonesia adalah ...,Puncak Jaya,Semeru,Rinjani,Kerinci,Puncak Jaya
Proklamasi Kemerdekaan Indonesia dibacakan pada tahun ...,1945,1950,1940,1935,1945
Perubahan wujud dari air menjadi uap disebut ...,Penguapan,Pembekuan,Pencairan,Penyubliman,Penguapan
Hewan pemakan tumbuhan disebut ...,Herbivora,Karnivora,Omnivora,Insektivora,Herbivora
Proklamasi Kemerdekaan Indonesia dibacakan pada tahun ...,1945,1950,1940,1935,1945
Perubahan wujud dari air menjadi uap disebut ...,Penguapan,Pembekuan,Pencairan,Penyubliman,Penguapan
Perubahan wujud dari air menjadi uap disebut ...,Penguapan,Pembekuan,Pencairan,Penyubliman,Penguapan
Bentuk bumi adalah ...,Bulat,Kotak,Segitiga,Lonjong,Bulat
Lambang negara Indonesia adalah ...,Garuda Pancasila,Bintang Kejora,Singa Emas,Merpati Putih,Garuda Pancasila
Ibukota Indonesia adalah ...,Jakarta,Bandung,Surabaya,Medan,Jakarta
Hasil dari 15 + 27 adalah ...,42,40,41,39,42
Ibukota Indonesia adalah ...,Jakarta,Bandung,Surabaya,Medan,Jakarta
Planet terbesar di tata surya adalah ...,Jupiter,Saturnus,Mars,Bumi,Jupiter
Pahlawan nasional yang dikenal dengan julukan 'Bapak Pendidikan' adalah ...,Ki Hajar Dewantara,Soekarno,Hatta,Cut Nyak Dien,Ki Hajar Dewantara
Planet terbesar di tata surya adalah ...,Jupiter,Saturnus,Mars,Bumi,Jupiter
Bentuk bumi adalah ...,Bulat,Kotak,Segitiga,Lonjong,Bulat
Gunung tertinggi di Indonesia adalah ...,Puncak Jaya,Semeru,Rinjani,Kerinci,Puncak Jaya
Bentuk bumi adalah ...,Bulat,Kotak,Segitiga,Lonjong,Bulat
Ibukota Indonesia adalah ...,Jakarta,Bandung,Surabaya,Medan,Jakarta
Pahlawan nasional yang dikenal dengan julukan 'Bapak Pendidikan' adalah ...,Ki Hajar Dewantara,Soekarno,Hatta,Cut Nyak Dien,Ki Hajar Dewantara
Perubahan wujud dari air menjadi uap disebut ...,Penguapan,Pembekuan,Pencairan,Penyubliman,Penguapan
Planet terbesar di tata surya adalah ...,Jupiter,Saturnus,Mars,Bumi,Jupiter
Ibukota Indonesia adalah ...,Jakarta,Bandung,Surabaya,Medan,Jakarta
Lambang negara Indonesia adalah ...,Garuda Pancasila,Bintang Kejora,Singa Emas,Merpati Putih,Garuda Pancasila
Lambang negara Indonesia adalah ...,Garuda Pancasila,Bintang Kejora,Singa Emas,Merpati Putih,Garuda Pancasila
Hasil dari 15 + 27 adalah ...,42,40,41,39,42
Ibukota Indonesia adalah ...,Jakarta,Bandung,Surabaya,Medan,Jakarta
Pahlawan nasional yang dikenal dengan julukan 'Bapak Pendidikan' adalah ...,Ki Hajar Dewantara,Soekarno,Hatta,Cut Nyak Dien,Ki Hajar Dewantara
Gunung tertinggi di Indonesia adalah ...,Puncak Jaya,Semeru,Rinjani,Kerinci,Puncak Jaya
Hasil dari 15 + 27 adalah ...,42,40,41,39,42
Hasil dari 15 + 27 adalah ...,42,40,41,39,42
Gunung tertinggi di Indonesia adalah ...,Puncak Jaya,Semeru,Rinjani,Kerinci,Puncak Jaya
Gunung tertinggi di Indonesia adalah ...,Puncak Jaya,Semeru,Rinjani,Kerinci,Puncak Jaya
Hewan pemakan tumbuhan disebut ...,Herbivora,Karnivora,Omnivora,Insektivora,Herbivora
Planet terbesar di tata surya adalah ...,Jupiter,Saturnus,Mars,Bumi,Jupiter
Perubahan wujud dari air menjadi uap disebut ...,Penguapan,Pembekuan,Pencairan,Penyubliman,Penguapan
Lambang negara Indonesia adalah ...,Garuda Pancasila,Bintang Kejora,Singa Emas,Merpati Putih,Garuda Pancasila
Proklamasi Kemerdekaan Indonesia dibacakan pada tahun ...,1945,1950,1940,1935,1945
Hewan pemakan tumbuhan disebut ...,Herbivora,Karnivora,Omnivora,Insektivora,Herbivora
Gunung tertinggi di Indonesia adalah ...,Puncak Jaya,Semeru,Rinjani,Kerinci,Puncak Jaya
